<application>
  <component name="ProjectJdkTable">
    <jdk version="2">
      <name value="IntelliJ IDEA Community Edition IC-181.4203.550" />
      <type value="IDEA JDK" />
      <version value="java version &quot;1.8.0_144&quot;" />
      <homePath value="$APPLICATION_HOME_DIR$" />
      <roots>
        <annotationsPath>
          <root type="composite" />
        </annotationsPath>
        <classPath>
          <root type="composite">
            <root url="jar://$APPLICATION_HOME_DIR$/lib/xbean.jar!/" type="simple" />
            <root url="jar://$APPLICATION_HOME_DIR$/lib/commons-logging-1.2.jar!/" type="simple" />
            <root url="jar://$APPLICATION_HOME_DIR$/lib/imageio-metadata-3.2.1.jar!/" type="simple" />
            <root url="jar://$APPLICATION_HOME_DIR$/lib/coverage-instrumenter.jar!/" type="simple" />
            <root url="jar://$APPLICATION_HOME_DIR$/lib/bcprov-jdk15on-1.55.jar!/" type="simple" />
            <root url="jar://$APPLICATION_HOME_DIR$/lib/platform-impl.jar!/" type="simple" />
            <root url="jar://$APPLICATION_HOME_DIR$/lib/maven-aether-provider-3.3.9-all.jar!/" type="simple" />
            <root url="jar://$APPLICATION_HOME_DIR$/lib/fest-assert-1.5.0-SNAPSHOT.jar!/" type="simple" />
            <root url="jar://$APPLICATION_HOME_DIR$/lib/fest-reflect-2.0-SNAPSHOT.jar!/" type="simple" />
            <root url="jar://$APPLICATION_HOME_DIR$/lib/jgoodies-forms.jar!/" type="simple" />
            <root url="jar://$APPLICATION_HOME_DIR$/lib/objenesis-2.5.1.jar!/" type="simple" />
            <root url="jar://$APPLICATION_HOME_DIR$/lib/pty4j-0.7.1.jar!/" type="simple" />
            <root url="jar://$APPLICATION_HOME_DIR$/lib/netty-all-4.1.13.Final.jar!/" type="simple" />
            <root url="jar://$APPLICATION_HOME_DIR$/lib/gson-2.8.2.jar!/" type="simple" />
            <root url="jar://$APPLICATION_HOME_DIR$/lib/jshell-protocol.jar!/" type="simple" />
            <root url="jar://$APPLICATION_HOME_DIR$/lib/trang-core.jar!/" type="simple" />
            <root url="jar://$APPLICATION_HOME_DIR$/lib/util-2.2.1.jar!/" type="simple" />
            <root url="jar://$APPLICATION_HOME_DIR$/lib/annotations.jar!/" type="simple" />
            <root url="jar://$APPLICATION_HOME_DIR$/lib/idea_rt.jar!/" type="simple" />
            <root url="jar://$APPLICATION_HOME_DIR$/lib/junit-4.12.jar!/" type="simple" />
            <root url="jar://$APPLICATION_HOME_DIR$/lib/picocontainer.jar!/" type="simple" />
            <root url="jar://$APPLICATION_HOME_DIR$/lib/oro-2.0.8.jar!/" type="simple" />
            <root url="jar://$APPLICATION_HOME_DIR$/lib/imageio-core-3.2.1.jar!/" type="simple" />
            <root url="jar://$APPLICATION_HOME_DIR$/lib/coverage-agent.jar!/" type="simple" />
            <root url="jar://$APPLICATION_HOME_DIR$/lib/resolver.jar!/" type="simple" />
            <root url="jar://$APPLICATION_HOME_DIR$/lib/protobuf-java-3.0.0.jar!/" type="simple" />
            <root url="jar://$APPLICATION_HOME_DIR$/lib/resources_en.jar!/" type="simple" />
            <root url="jar://$APPLICATION_HOME_DIR$/lib/commons-imaging-1.0-RC.jar!/" type="simple" />
            <root url="jar://$APPLICATION_HOME_DIR$/lib/common-io-3.2.1.jar!/" type="simple" />
            <root url="jar://$APPLICATION_HOME_DIR$/lib/fluent-hc-4.5.2.jar!/" type="simple" />
            <root url="jar://$APPLICATION_HOME_DIR$/lib/velocity.jar!/" type="simple" />
            <root url="jar://$APPLICATION_HOME_DIR$/lib/fst-2.56.jar!/" type="simple" />
            <root url="jar://$APPLICATION_HOME_DIR$/lib/cucumber-core-1.2.4.jar!/" type="simple" />
            <root url="jar://$APPLICATION_HOME_DIR$/lib/jackson-core-2.8.8.jar!/" type="simple" />
            <root url="jar://$APPLICATION_HOME_DIR$/lib/streamex-0.6.5.jar!/" type="simple" />
            <root url="jar://$APPLICATION_HOME_DIR$/lib/imageio-tiff-3.2.1.jar!/" type="simple" />
            <root url="jar://$APPLICATION_HOME_DIR$/lib/commons-httpclient-3.1-patched.jar!/" type="simple" />
            <root url="jar://$APPLICATION_HOME_DIR$/lib/markdownj-core-0.4.2-SNAPSHOT.jar!/" type="simple" />
            <root url="jar://$APPLICATION_HOME_DIR$/lib/test-discovery-agent.jar!/" type="simple" />
            <root url="jar://$APPLICATION_HOME_DIR$/lib/eddsa-0.2.0.jar!/" type="simple" />
            <root url="jar://$APPLICATION_HOME_DIR$/lib/kotlin-reflect.jar!/" type="simple" />
            <root url="jar://$APPLICATION_HOME_DIR$/lib/jps-launcher.jar!/" type="simple" />
            <root url="jar://$APPLICATION_HOME_DIR$/lib/log4j.jar!/" type="simple" />
            <root url="jar://$APPLICATION_HOME_DIR$/lib/kotlinx-coroutines-jdk8-0.20.jar!/" type="simple" />
            <root url="jar://$APPLICATION_HOME_DIR$/lib/automaton.jar!/" type="simple" />
            <root url="jar://$APPLICATION_HOME_DIR$/lib/cglib-nodep-3.2.4.jar!/" type="simple" />
            <root url="jar://$APPLICATION_HOME_DIR$/lib/bootstrap.jar!/" type="simple" />
            <root url="jar://$APPLICATION_HOME_DIR$/lib/swingx-core-1.6.2-2.jar!/" type="simple" />
            <root url="jar://$APPLICATION_HOME_DIR$/lib/javac2.jar!/" type="simple" />
            <root url="jar://$APPLICATION_HOME_DIR$/lib/constraint-layout.jar!/" type="simple" />
            <root url="jar://$APPLICATION_HOME_DIR$/lib/fest-swing-1.4.4.jar!/" type="simple" />
            <root url="jar://$APPLICATION_HOME_DIR$/lib/external-system-rt.jar!/" type="simple" />
            <root url="jar://$APPLICATION_HOME_DIR$/lib/groovy-all-2.4.12.jar!/" type="simple" />
            <root url="jar://$APPLICATION_HOME_DIR$/lib/xstream-1.4.8.jar!/" type="simple" />
            <root url="jar://$APPLICATION_HOME_DIR$/lib/common-lang-3.2.1.jar!/" type="simple" />
            <root url="jar://$APPLICATION_HOME_DIR$/lib/httpclient-4.5.2.jar!/" type="simple" />
            <root url="jar://$APPLICATION_HOME_DIR$/lib/jdkAnnotations.jar!/" type="simple" />
            <root url="jar://$APPLICATION_HOME_DIR$/lib/commons-codec-1.9.jar!/" type="simple" />
            <root url="jar://$APPLICATION_HOME_DIR$/lib/java-impl.jar!/" type="simple" />
            <root url="jar://$APPLICATION_HOME_DIR$/lib/jsr173_1.0_api.jar!/" type="simple" />
            <root url="jar://$APPLICATION_HOME_DIR$/lib/gherkin-2.12.2.jar!/" type="simple" />
            <root url="jar://$APPLICATION_HOME_DIR$/lib/commons-compress-1.10.jar!/" type="simple" />
            <root url="jar://$APPLICATION_HOME_DIR$/lib/kotlinx-coroutines-core-0.20.jar!/" type="simple" />
            <root url="jar://$APPLICATION_HOME_DIR$/lib/jimfs-1.1.jar!/" type="simple" />
            <root url="jar://$APPLICATION_HOME_DIR$/lib/cli-parser-1.1.jar!/" type="simple" />
            <root url="jar://$APPLICATION_HOME_DIR$/lib/guava-21.0.jar!/" type="simple" />
            <root url="jar://$APPLICATION_HOME_DIR$/lib/jayatana-1.2.4.jar!/" type="simple" />
            <root url="jar://$APPLICATION_HOME_DIR$/lib/jbcrypt-1.0.0.jar!/" type="simple" />
            <root url="jar://$APPLICATION_HOME_DIR$/lib/kotlin-runtime.jar!/" type="simple" />
            <root url="jar://$APPLICATION_HOME_DIR$/lib/isorelax.jar!/" type="simple" />
            <root url="jar://$APPLICATION_HOME_DIR$/lib/common-image-3.2.1.jar!/" type="simple" />
            <root url="jar://$APPLICATION_HOME_DIR$/lib/jaxen-1.1.3.jar!/" type="simple" />
            <root url="jar://$APPLICATION_HOME_DIR$/lib/xpp3-1.1.4-min.jar!/" type="simple" />
            <root url="jar://$APPLICATION_HOME_DIR$/lib/MultithreadedTC-1.01.jar!/" type="simple" />
            <root url="jar://$APPLICATION_HOME_DIR$/lib/snakeyaml-1.17.jar!/" type="simple" />
            <root url="jar://$APPLICATION_HOME_DIR$/lib/coverage-util.jar!/" type="simple" />
            <root url="jar://$APPLICATION_HOME_DIR$/lib/dexlib2-2.2.1.jar!/" type="simple" />
            <root url="jar://$APPLICATION_HOME_DIR$/lib/jps-builders-6.jar!/" type="simple" />
            <root url="jar://$APPLICATION_HOME_DIR$/lib/resources.jar!/" type="simple" />
            <root url="jar://$APPLICATION_HOME_DIR$/lib/javassist-3.21.0-GA.jar!/" type="simple" />
            <root url="jar://$APPLICATION_HOME_DIR$/lib/java_resources_en.jar!/" type="simple" />
            <root url="jar://$APPLICATION_HOME_DIR$/lib/platform-api.jar!/" type="simple" />
            <root url="jar://$APPLICATION_HOME_DIR$/lib/xmlrpc-2.0.1.jar!/" type="simple" />
            <root url="jar://$APPLICATION_HOME_DIR$/lib/aether-dependency-resolver.jar!/" type="simple" />
            <root url="jar://$APPLICATION_HOME_DIR$/lib/sqlite-jdbc-3.20.1.jar!/" type="simple" />
            <root url="jar://$APPLICATION_HOME_DIR$/lib/snappy-in-java-0.5.1.jar!/" type="simple" />
            <root url="jar://$APPLICATION_HOME_DIR$/lib/jps-model.jar!/" type="simple" />
            <root url="jar://$APPLICATION_HOME_DIR$/lib/jsr305.jar!/" type="simple" />
            <root url="jar://$APPLICATION_HOME_DIR$/lib/microba.jar!/" type="simple" />
            <root url="jar://$APPLICATION_HOME_DIR$/lib/baksmali-2.2.1.jar!/" type="simple" />
            <root url="jar://$APPLICATION_HOME_DIR$/lib/commons-io-2.2.jar!/" type="simple" />
            <root url="jar://$APPLICATION_HOME_DIR$/lib/jps-builders.jar!/" type="simple" />
            <root url="jar://$APPLICATION_HOME_DIR$/lib/miglayout-core-5.0.jar!/" type="simple" />
            <root url="jar://$APPLICATION_HOME_DIR$/lib/xercesImpl.jar!/" type="simple" />
            <root url="jar://$APPLICATION_HOME_DIR$/lib/hamcrest-core-1.3.jar!/" type="simple" />
            <root url="jar://$APPLICATION_HOME_DIR$/lib/jh.jar!/" type="simple" />
            <root url="jar://$APPLICATION_HOME_DIR$/lib/winp-1.25.jar!/" type="simple" />
            <root url="jar://$APPLICATION_HOME_DIR$/lib/asm-5.0.3.jar!/" type="simple" />
            <root url="jar://$APPLICATION_HOME_DIR$/lib/jing.jar!/" type="simple" />
            <root url="jar://$APPLICATION_HOME_DIR$/lib/trove4j.jar!/" type="simple" />
            <root url="jar://$APPLICATION_HOME_DIR$/lib/asm-analysis-5.0.3.jar!/" type="simple" />
            <root url="jar://$APPLICATION_HOME_DIR$/lib/proxy-vole-1.0.3.jar!/" type="simple" />
            <root url="jar://$APPLICATION_HOME_DIR$/lib/icons.jar!/" type="simple" />
            <root url="jar://$APPLICATION_HOME_DIR$/lib/test-discovery-instrumenter.jar!/" type="simple" />
            <root url="jar://$APPLICATION_HOME_DIR$/lib/java-api.jar!/" type="simple" />
            <root url="jar://$APPLICATION_HOME_DIR$/lib/jsch-0.1.54.jar!/" type="simple" />
            <root url="jar://$APPLICATION_HOME_DIR$/lib/nekohtml-1.9.14.jar!/" type="simple" />
            <root url="jar://$APPLICATION_HOME_DIR$/lib/jshell-frontend.jar!/" type="simple" />
            <root url="jar://$APPLICATION_HOME_DIR$/lib/httpcore-4.4.5.jar!/" type="simple" />
            <root url="jar://$APPLICATION_HOME_DIR$/lib/batik-all.jar!/" type="simple" />
            <root url="jar://$APPLICATION_HOME_DIR$/lib/trilead-ssh2-build-217-jenkins-11.jar!/" type="simple" />
            <root url="jar://$APPLICATION_HOME_DIR$/lib/serviceMessages.jar!/" type="simple" />
            <root url="jar://$APPLICATION_HOME_DIR$/lib/imgscalr-lib-4.2.jar!/" type="simple" />
            <root url="jar://$APPLICATION_HOME_DIR$/lib/jediterm-pty-2.7.jar!/" type="simple" />
            <root url="jar://$APPLICATION_HOME_DIR$/lib/lz4-java-1.3.jar!/" type="simple" />
            <root url="jar://$APPLICATION_HOME_DIR$/lib/commons-net-3.3.jar!/" type="simple" />
            <root url="jar://$APPLICATION_HOME_DIR$/lib/slf4j-log4j12-1.7.10.jar!/" type="simple" />
            <root url="jar://$APPLICATION_HOME_DIR$/lib/asm-all.jar!/" type="simple" />
            <root url="jar://$APPLICATION_HOME_DIR$/lib/extensions.jar!/" type="simple" />
            <root url="jar://$APPLICATION_HOME_DIR$/lib/jna.jar!/" type="simple" />
            <root url="jar://$APPLICATION_HOME_DIR$/lib/jcip-annotations-1.0.jar!/" type="simple" />
            <root url="jar://$APPLICATION_HOME_DIR$/lib/optimizedFileManager.jar!/" type="simple" />
            <root url="jar://$APPLICATION_HOME_DIR$/lib/xmlgraphics-commons-1.5.jar!/" type="simple" />
            <root url="jar://$APPLICATION_HOME_DIR$/lib/forms_rt.jar!/" type="simple" />
            <root url="jar://$APPLICATION_HOME_DIR$/lib/wadl-core.jar!/" type="simple" />
            <root url="jar://$APPLICATION_HOME_DIR$/lib/jgoodies-common-1.4.0.jar!/" type="simple" />
            <root url="jar://$APPLICATION_HOME_DIR$/lib/idea.jar!/" type="simple" />
            <root url="jar://$APPLICATION_HOME_DIR$/lib/util.jar!/" type="simple" />
            <root url="jar://$APPLICATION_HOME_DIR$/lib/httpmime-4.5.2.jar!/" type="simple" />
            <root url="jar://$APPLICATION_HOME_DIR$/lib/miglayout-swing-5.0.jar!/" type="simple" />
            <root url="jar://$APPLICATION_HOME_DIR$/lib/ecj-4.7.2.jar!/" type="simple" />
            <root url="jar://$APPLICATION_HOME_DIR$/lib/xml-apis-ext-1.3.04.jar!/" type="simple" />
            <root url="jar://$APPLICATION_HOME_DIR$/lib/rngom-20051226-patched.jar!/" type="simple" />
            <root url="jar://$APPLICATION_HOME_DIR$/lib/openapi.jar!/" type="simple" />
            <root url="jar://$APPLICATION_HOME_DIR$/lib/ini4j-0.5.5-2.jar!/" type="simple" />
            <root url="jar://$APPLICATION_HOME_DIR$/lib/purejavacomm.jar!/" type="simple" />
            <root url="jar://$APPLICATION_HOME_DIR$/lib/nanoxml-2.2.3.jar!/" type="simple" />
            <root url="jar://$APPLICATION_HOME_DIR$/lib/slf4j-api-1.7.10.jar!/" type="simple" />
            <root url="jar://$APPLICATION_HOME_DIR$/lib/jna-platform.jar!/" type="simple" />
            <root url="jar://$APPLICATION_HOME_DIR$/lib/emma.jar!/" type="simple" />
            <root url="jar://$APPLICATION_HOME_DIR$/lib/jdom.jar!/" type="simple" />
            <root url="jar://$APPLICATION_HOME_DIR$/lib/fest-util-1.3.0-SNAPSHOT.jar!/" type="simple" />
            <root url="jar://$APPLICATION_HOME_DIR$/lib/aether-1.1.0-all.jar!/" type="simple" />
            <root url="jar://$APPLICATION_HOME_DIR$/lib/asm-tree-5.0.3.jar!/" type="simple" />
            <root url="jar:///Library/Java/JavaVirtualMachines/jdk1.8.0_144.jdk/Contents/Home/jre/lib/charsets.jar!/" type="simple" />
            <root url="jar:///Library/Java/JavaVirtualMachines/jdk1.8.0_144.jdk/Contents/Home/jre/lib/deploy.jar!/" type="simple" />
            <root url="jar:///Library/Java/JavaVirtualMachines/jdk1.8.0_144.jdk/Contents/Home/jre/lib/ext/cldrdata.jar!/" type="simple" />
            <root url="jar:///Library/Java/JavaVirtualMachines/jdk1.8.0_144.jdk/Contents/Home/jre/lib/ext/dnsns.jar!/" type="simple" />
            <root url="jar:///Library/Java/JavaVirtualMachines/jdk1.8.0_144.jdk/Contents/Home/jre/lib/ext/jaccess.jar!/" type="simple" />
            <root url="jar:///Library/Java/JavaVirtualMachines/jdk1.8.0_144.jdk/Contents/Home/jre/lib/ext/jfxrt.jar!/" type="simple" />
            <root url="jar:///Library/Java/JavaVirtualMachines/jdk1.8.0_144.jdk/Contents/Home/jre/lib/ext/localedata.jar!/" type="simple" />
            <root url="jar:///Library/Java/JavaVirtualMachines/jdk1.8.0_144.jdk/Contents/Home/jre/lib/ext/nashorn.jar!/" type="simple" />
            <root url="jar:///Library/Java/JavaVirtualMachines/jdk1.8.0_144.jdk/Contents/Home/jre/lib/ext/sunec.jar!/" type="simple" />
            <root url="jar:///Library/Java/JavaVirtualMachines/jdk1.8.0_144.jdk/Contents/Home/jre/lib/ext/sunjce_provider.jar!/" type="simple" />
            <root url="jar:///Library/Java/JavaVirtualMachines/jdk1.8.0_144.jdk/Contents/Home/jre/lib/ext/sunpkcs11.jar!/" type="simple" />
            <root url="jar:///Library/Java/JavaVirtualMachines/jdk1.8.0_144.jdk/Contents/Home/jre/lib/ext/zipfs.jar!/" type="simple" />
            <root url="jar:///Library/Java/JavaVirtualMachines/jdk1.8.0_144.jdk/Contents/Home/jre/lib/javaws.jar!/" type="simple" />
            <root url="jar:///Library/Java/JavaVirtualMachines/jdk1.8.0_144.jdk/Contents/Home/jre/lib/jce.jar!/" type="simple" />
            <root url="jar:///Library/Java/JavaVirtualMachines/jdk1.8.0_144.jdk/Contents/Home/jre/lib/jfr.jar!/" type="simple" />
            <root url="jar:///Library/Java/JavaVirtualMachines/jdk1.8.0_144.jdk/Contents/Home/jre/lib/jfxswt.jar!/" type="simple" />
            <root url="jar:///Library/Java/JavaVirtualMachines/jdk1.8.0_144.jdk/Contents/Home/jre/lib/jsse.jar!/" type="simple" />
            <root url="jar:///Library/Java/JavaVirtualMachines/jdk1.8.0_144.jdk/Contents/Home/jre/lib/management-agent.jar!/" type="simple" />
            <root url="jar:///Library/Java/JavaVirtualMachines/jdk1.8.0_144.jdk/Contents/Home/jre/lib/plugin.jar!/" type="simple" />
            <root url="jar:///Library/Java/JavaVirtualMachines/jdk1.8.0_144.jdk/Contents/Home/jre/lib/resources.jar!/" type="simple" />
            <root url="jar:///Library/Java/JavaVirtualMachines/jdk1.8.0_144.jdk/Contents/Home/jre/lib/rt.jar!/" type="simple" />
            <root url="jar:///Library/Java/JavaVirtualMachines/jdk1.8.0_144.jdk/Contents/Home/lib/ant-javafx.jar!/" type="simple" />
            <root url="jar:///Library/Java/JavaVirtualMachines/jdk1.8.0_144.jdk/Contents/Home/lib/dt.jar!/" type="simple" />
            <root url="jar:///Library/Java/JavaVirtualMachines/jdk1.8.0_144.jdk/Contents/Home/lib/javafx-mx.jar!/" type="simple" />
            <root url="jar:///Library/Java/JavaVirtualMachines/jdk1.8.0_144.jdk/Contents/Home/lib/jconsole.jar!/" type="simple" />
            <root url="jar:///Library/Java/JavaVirtualMachines/jdk1.8.0_144.jdk/Contents/Home/lib/packager.jar!/" type="simple" />
            <root url="jar:///Library/Java/JavaVirtualMachines/jdk1.8.0_144.jdk/Contents/Home/lib/sa-jdi.jar!/" type="simple" />
            <root url="jar:///Library/Java/JavaVirtualMachines/jdk1.8.0_144.jdk/Contents/Home/lib/tools.jar!/" type="simple" />
          </root>
        </classPath>
        <javadocPath>
          <root type="composite" />
        </javadocPath>
        <sourcePath>
          <root type="composite">
            <root url="jar:///Library/Java/JavaVirtualMachines/jdk1.8.0_144.jdk/Contents/Home/src.zip!/" type="simple" />
            <root url="jar:///Library/Java/JavaVirtualMachines/jdk1.8.0_144.jdk/Contents/Home/javafx-src.zip!/" type="simple" />
          </root>
        </sourcePath>
      </roots>
      <additional sdk="1.8">
        <option name="mySandboxHome" value="$USER_HOME$/Library/Caches/IdeaIC2018.1/plugins-sandbox" />
      </additional>
    </jdk>
    <jdk version="2">
      <name value="1.8" />
      <type value="JavaSDK" />
      <version value="java version &quot;1.8.0_144&quot;" />
      <homePath value="/Library/Java/JavaVirtualMachines/jdk1.8.0_144.jdk/Contents/Home" />
      <roots>
        <annotationsPath>
          <root type="composite">
            <root url="jar://$APPLICATION_HOME_DIR$/lib/jdkAnnotations.jar!/" type="simple" />
          </root>
        </annotationsPath>
        <classPath>
          <root type="composite">
            <root url="jar:///Library/Java/JavaVirtualMachines/jdk1.8.0_144.jdk/Contents/Home/jre/lib/charsets.jar!/" type="simple" />
            <root url="jar:///Library/Java/JavaVirtualMachines/jdk1.8.0_144.jdk/Contents/Home/jre/lib/deploy.jar!/" type="simple" />
            <root url="jar:///Library/Java/JavaVirtualMachines/jdk1.8.0_144.jdk/Contents/Home/jre/lib/ext/cldrdata.jar!/" type="simple" />
            <root url="jar:///Library/Java/JavaVirtualMachines/jdk1.8.0_144.jdk/Contents/Home/jre/lib/ext/dnsns.jar!/" type="simple" />
            <root url="jar:///Library/Java/JavaVirtualMachines/jdk1.8.0_144.jdk/Contents/Home/jre/lib/ext/jaccess.jar!/" type="simple" />
            <root url="jar:///Library/Java/JavaVirtualMachines/jdk1.8.0_144.jdk/Contents/Home/jre/lib/ext/jfxrt.jar!/" type="simple" />
            <root url="jar:///Library/Java/JavaVirtualMachines/jdk1.8.0_144.jdk/Contents/Home/jre/lib/ext/localedata.jar!/" type="simple" />
            <root url="jar:///Library/Java/JavaVirtualMachines/jdk1.8.0_144.jdk/Contents/Home/jre/lib/ext/nashorn.jar!/" type="simple" />
            <root url="jar:///Library/Java/JavaVirtualMachines/jdk1.8.0_144.jdk/Contents/Home/jre/lib/ext/sunec.jar!/" type="simple" />
            <root url="jar:///Library/Java/JavaVirtualMachines/jdk1.8.0_144.jdk/Contents/Home/jre/lib/ext/sunjce_provider.jar!/" type="simple" />
            <root url="jar:///Library/Java/JavaVirtualMachines/jdk1.8.0_144.jdk/Contents/Home/jre/lib/ext/sunpkcs11.jar!/" type="simple" />
            <root url="jar:///Library/Java/JavaVirtualMachines/jdk1.8.0_144.jdk/Contents/Home/jre/lib/ext/zipfs.jar!/" type="simple" />
            <root url="jar:///Library/Java/JavaVirtualMachines/jdk1.8.0_144.jdk/Contents/Home/jre/lib/javaws.jar!/" type="simple" />
            <root url="jar:///Library/Java/JavaVirtualMachines/jdk1.8.0_144.jdk/Contents/Home/jre/lib/jce.jar!/" type="simple" />
            <root url="jar:///Library/Java/JavaVirtualMachines/jdk1.8.0_144.jdk/Contents/Home/jre/lib/jfr.jar!/" type="simple" />
            <root url="jar:///Library/Java/JavaVirtualMachines/jdk1.8.0_144.jdk/Contents/Home/jre/lib/jfxswt.jar!/" type="simple" />
            <root url="jar:///Library/Java/JavaVirtualMachines/jdk1.8.0_144.jdk/Contents/Home/jre/lib/jsse.jar!/" type="simple" />
            <root url="jar:///Library/Java/JavaVirtualMachines/jdk1.8.0_144.jdk/Contents/Home/jre/lib/management-agent.jar!/" type="simple" />
            <root url="jar:///Library/Java/JavaVirtualMachines/jdk1.8.0_144.jdk/Contents/Home/jre/lib/plugin.jar!/" type="simple" />
            <root url="jar:///Library/Java/JavaVirtualMachines/jdk1.8.0_144.jdk/Contents/Home/jre/lib/resources.jar!/" type="simple" />
            <root url="jar:///Library/Java/JavaVirtualMachines/jdk1.8.0_144.jdk/Contents/Home/jre/lib/rt.jar!/" type="simple" />
            <root url="jar:///Library/Java/JavaVirtualMachines/jdk1.8.0_144.jdk/Contents/Home/lib/ant-javafx.jar!/" type="simple" />
            <root url="jar:///Library/Java/JavaVirtualMachines/jdk1.8.0_144.jdk/Contents/Home/lib/dt.jar!/" type="simple" />
            <root url="jar:///Library/Java/JavaVirtualMachines/jdk1.8.0_144.jdk/Contents/Home/lib/javafx-mx.jar!/" type="simple" />
            <root url="jar:///Library/Java/JavaVirtualMachines/jdk1.8.0_144.jdk/Contents/Home/lib/jconsole.jar!/" type="simple" />
            <root url="jar:///Library/Java/JavaVirtualMachines/jdk1.8.0_144.jdk/Contents/Home/lib/packager.jar!/" type="simple" />
            <root url="jar:///Library/Java/JavaVirtualMachines/jdk1.8.0_144.jdk/Contents/Home/lib/sa-jdi.jar!/" type="simple" />
            <root url="jar:///Library/Java/JavaVirtualMachines/jdk1.8.0_144.jdk/Contents/Home/lib/tools.jar!/" type="simple" />
          </root>
        </classPath>
        <javadocPath>
          <root type="composite" />
        </javadocPath>
        <sourcePath>
          <root type="composite">
            <root url="jar:///Library/Java/JavaVirtualMachines/jdk1.8.0_144.jdk/Contents/Home/src.zip!/" type="simple" />
            <root url="jar:///Library/Java/JavaVirtualMachines/jdk1.8.0_144.jdk/Contents/Home/javafx-src.zip!/" type="simple" />
          </root>
        </sourcePath>
      </roots>
      <additional />
    </jdk>
  </component>
</application>