<application>
  <component name="MaterialThemeConfig">
    <option name="arrowsStyle" value="Arrows" />
    <option name="allowDataCollection" value="true" />
    <option name="compactDropdowns" value="true" />
    <option name="compactSidebar" value="true" />
    <option name="isCompactMenus" value="true" />
    <option name="isCompactStatusBar" value="true" />
    <option name="isCompactTables" value="true" />
    <option name="isContrastMode" value="true" />
    <option name="isWizardShown" value="true" />
    <option name="upperCaseButtons" value="false" />
    <option name="indicatorStyle" value="Dot" />
    <option name="tabsHeight" value="16" />
    <option name="accentColor" value="5a57ff" />
    <option name="highlightColor" value="80cbc4" />
    <option name="selectedTheme" value="ONE_DARK" />
    <option name="userId" value="46f82049:16480f5d541:-7fff" />
    <option name="version" value="3.8.0.2" />
  </component>
</application>